{
	"info": {
		"_postman_id": "b4aa1502-c1c6-41a6-b377-54a87b04e302",
		"name": "fwd",
		"schema": "https://schema.getpostman.com/json/collection/v2.1.0/collection.json"
	},
	"item": [
		{
			"name": "auth",
			"item": [
				{
					"name": "register",
					"request": {
						"method": "POST",
						"header": [],
						"body": {
							"mode": "urlencoded",
							"urlencoded": [
								{
									"key": "username",
									"value": "asdfm",
									"type": "text"
								},
								{
									"key": "password",
									"value": "222",
									"type": "text"
								},
								{
									"key": "first_name",
									"value": "test",
									"type": "text"
								},
								{
									"key": "last_name",
									"value": "33",
									"type": "text"
								}
							]
						},
						"url": {
							"raw": "localhost:3000/register",
							"host": [
								"localhost"
							],
							"port": "3000",
							"path": [
								"register"
							]
						}
					},
					"response": []
				},
				{
					"name": "login",
					"request": {
						"method": "POST",
						"header": [],
						"body": {
							"mode": "urlencoded",
							"urlencoded": [
								{
									"key": "username",
									"value": "asdfm",
									"type": "text"
								},
								{
									"key": "password",
									"value": "222",
									"type": "text"
								}
							]
						},
						"url": {
							"raw": "localhost:3000/login",
							"host": [
								"localhost"
							],
							"port": "3000",
							"path": [
								"login"
							]
						}
					},
					"response": []
				}
			]
		},
		{
			"name": "products",
			"item": [
				{
					"name": "all",
					"request": {
						"method": "GET",
						"header": [],
						"url": {
							"raw": "localhost:3000/products",
							"host": [
								"localhost"
							],
							"port": "3000",
							"path": [
								"products"
							]
						}
					},
					"response": []
				},
				{
					"name": "find",
					"request": {
						"method": "GET",
						"header": [],
						"url": {
							"raw": "localhost:3000/products/1",
							"host": [
								"localhost"
							],
							"port": "3000",
							"path": [
								"products",
								"1"
							]
						}
					},
					"response": []
				},
				{
					"name": "byCategory",
					"request": {
						"method": "GET",
						"header": [],
						"url": {
							"raw": "localhost:3000/products/category/test",
							"host": [
								"localhost"
							],
							"port": "3000",
							"path": [
								"products",
								"category",
								"test"
							]
						}
					},
					"response": []
				},
				{
					"name": "create",
					"request": {
						"method": "GET",
						"header": [],
						"url": {
							"raw": "localhost:3000/products/category/test",
							"host": [
								"localhost"
							],
							"port": "3000",
							"path": [
								"products",
								"category",
								"test"
							]
						}
					},
					"response": []
				}
			]
		},
		{
			"name": "orders",
			"item": [
				{
					"name": "status",
					"request": {
						"method": "GET",
						"header": []
					},
					"response": []
				}
			]
		}
	]
}